{"foodType":[1,0,2,2,2,2,0,1,0,1,0,0,0,2,0,1,0,1,1,0,1,0,1,0,2,2,1,0,0,1,2,1,0,0,2,1,0,0,1,1,1,1,2],"spaceTime":[10.100000381469727,1.1399999856948853,1.4800000190734863,2.1099998950958252,2.3499999046325684,2.4600000381469727,0.28999999165534973,2.5999999046325684,0.23999999463558197,2.5999999046325684,0.70999997854232788,0.52999997138977051,1.2999999523162842,0.23000000417232513,4.4000000953674316,1.2300000190734863,0.6600000262260437,0.36000001430511475,1.3999999761581421,1.1399999856948853,1.2699999809265137,1.1399999856948853,1.1799999475479126,1.2100000381469727,1.2799999713897705,1.1100000143051147,1.25,0.62999999523162842,0.54000002145767212,2.4100000858306885,5.96999979019165,1.190000057220459,1.2300000190734863,1.2400000095367432,5.9499998092651367,1.1799999475479126,1.2100000381469727,1.1699999570846558,2.4100000858306885,2.4300000667572021,2.3599998950958252,2.4600000381469727,1.3700000047683716]}